{"boosting_type": "dart", "num_leaves": 87, "max_depth": 45, "learning_rate": 0.26365100560476207, "n_estimators": 974, "min_child_samples": 47, "reg_alpha": 0.8065266452878481, "reg_lambda": 0.38538062907252935, "bagging_freq": 4, "bagging_fraction": 0.9635662147242481, "feature_fraction": 0.68823895541233}