{"boosting_type": "gbdt", "num_leaves": 33, "max_depth": 89, "learning_rate": 0.17224314017235684, "n_estimators": 675, "min_child_samples": 3, "reg_alpha": 0.9951957759863517, "reg_lambda": 0.8900808011421554, "bagging_freq": 10, "bagging_fraction": 0.1529214973925268, "feature_fraction": 0.35317419168682856}