{"boosting_type": "gbdt", "num_leaves": 21, "max_depth": 43, "learning_rate": 0.01044783661209592, "n_estimators": 630, "min_child_samples": 19, "reg_alpha": 0.03268379602574856, "reg_lambda": 0.42937119816944935, "bagging_freq": 9, "bagging_fraction": 0.9571886384316322, "feature_fraction": 0.3376768489079516}