{"C": 0.29147141837429663, "l1_ratio": 0.3584884071676865, "max_iter": 2197, "class_weight": "balanced"}