{"C": 0.5745686424843636, "l1_ratio": 0.1600436499427701, "max_iter": 1086, "class_weight": null}