{"C": 8919.227944119399, "l1_ratio": 0.8253357140911376, "max_iter": 9385, "class_weight": null}