{"boosting_type": "gbdt", "num_leaves": 41, "max_depth": 52, "learning_rate": 0.018851901705159282, "n_estimators": 858, "min_child_samples": 16, "reg_alpha": 0.6985694186723749, "reg_lambda": 0.9279469382602265, "bagging_freq": 2, "bagging_fraction": 0.4265974851916037, "feature_fraction": 0.9129619871330225}