{"boosting_type": "dart", "num_leaves": 65, "max_depth": 67, "learning_rate": 0.03790798802628546, "n_estimators": 343, "min_child_samples": 32, "reg_alpha": 0.09327223510908547, "reg_lambda": 0.803549145733587, "bagging_freq": 9, "bagging_fraction": 0.93929171311942, "feature_fraction": 0.8914425472907046}