{"C": 3806.221500999744, "l1_ratio": 0.13022242590660849, "max_iter": 2197, "class_weight": null}