{"C": 0.07981093340327303, "l1_ratio": 0.4445433551280247, "max_iter": 2572, "class_weight": null}