{"C": 0.12666694989596747, "l1_ratio": 0.07431978614236467, "max_iter": 3727, "class_weight": "balanced"}