{"boosting_type": "gbdt", "num_leaves": 76, "max_depth": 26, "learning_rate": 0.051402503976230536, "n_estimators": 663, "min_child_samples": 5, "reg_alpha": 0.7593159110453785, "reg_lambda": 0.20187486312976044, "bagging_freq": 7, "bagging_fraction": 0.6791067362552365, "feature_fraction": 0.7909417278563535}