{"boosting_type": "rf", "num_leaves": 28, "max_depth": 31, "learning_rate": 0.00320030415413828, "n_estimators": 814, "min_child_samples": 11, "reg_alpha": 0.1568902565944531, "reg_lambda": 0.5374257200703595, "bagging_freq": 1, "bagging_fraction": 0.2106808283682901, "feature_fraction": 0.7922914050039292}