{"C": 0.0663705190211832, "l1_ratio": 0.019120044166809236, "max_iter": 9613, "class_weight": null}