{"C": 0.05717753817164792, "l1_ratio": 0.3633032976469095, "max_iter": 7392, "class_weight": null}