{"C": 0.13675500834932947, "l1_ratio": 0.6989407799152884, "max_iter": 4581, "class_weight": null}