round,outer_loop,inner_best_score,best_hyperparams,selected_features,balanced_accuracy,accuracy,precision,recall,specificity,matthews_corrcoef,f1,roc_auc,matthews_corrcoef_med
0,0,0.8337705058801635,{'var_smoothing': 1.3497830604839497e-07},"Index(['UMAP0', 'UMAP1', 'UMAP2'], dtype='object')",0.8899358460304732,0.9004329004329005,0.8795180722891566,0.8488372093023255,0.9310344827586207,0.7857537807817132,0.863905325443787,0.8899358460304732,0.776501357120296
0,1,0.8208548456352432,{'var_smoothing': 2.2711545986947752e-10},"Index(['UMAP0', 'UMAP1', 'UMAP2'], dtype='object')",0.8909883720930232,0.8869565217391304,0.8125,0.9069767441860465,0.875,0.7672489334588788,0.8571428571428571,0.8909883720930232,0.776501357120296
