round,outer_loop,inner_best_score,best_hyperparams,selected_features,balanced_accuracy,accuracy,precision,recall,specificity,matthews_corrcoef,f1,roc_auc,matthews_corrcoef_med
0,0,0.850614471199769,"{'boosting_type': 'gbdt', 'num_leaves': 41, 'max_depth': 52, 'learning_rate': 0.018851901705159282, 'n_estimators': 858, 'min_child_samples': 16, 'reg_alpha': 0.6985694186723749, 'reg_lambda': 0.9279469382602265, 'bagging_freq': 2, 'bagging_fraction': 0.4265974851916037, 'feature_fraction': 0.9129619871330225}","Index(['UMAP0', 'UMAP1', 'UMAP2'], dtype='object')",0.9362469927826784,0.9437229437229437,0.9397590361445783,0.9069767441860465,0.9655172413793104,0.8790746668282817,0.9230769230769231,0.9362469927826783,0.8386076434496424
0,1,0.8735137088723174,"{'boosting_type': 'gbdt', 'num_leaves': 97, 'max_depth': 25, 'learning_rate': 0.010831208888633407, 'n_estimators': 898, 'min_child_samples': 3, 'reg_alpha': 0.2705681755843966, 'reg_lambda': 0.4901725775251625, 'bagging_freq': 9, 'bagging_fraction': 0.45387068408395637, 'feature_fraction': 0.26940858024790776}","Index(['UMAP0', 'UMAP1', 'UMAP2'], dtype='object')",0.9025355297157622,0.9043478260869565,0.8555555555555555,0.8953488372093024,0.9097222222222222,0.7981406200710032,0.875,0.9025355297157623,0.8386076434496424
