round,outer_loop,inner_best_score,best_hyperparams,selected_features,balanced_accuracy,accuracy,precision,recall,specificity,matthews_corrcoef,f1,roc_auc,matthews_corrcoef_med
0,0,0.850614471199769,"{'solver': 'lsqr', 'shrinkage': 'auto', 'priors': None}","Index(['UMAP0', 'UMAP1', 'UMAP2'], dtype='object')",0.9058941459502807,0.9264069264069265,0.9726027397260274,0.8255813953488372,0.9862068965517241,0.8440847161602094,0.8930817610062893,0.9058941459502807,0.7927052777304551
0,1,0.7960028473597275,"{'solver': 'lsqr', 'shrinkage': 'auto', 'priors': None}","Index(['UMAP0', 'UMAP1', 'UMAP2'], dtype='object')",0.8723352713178294,0.8782608695652174,0.8295454545454546,0.8488372093023255,0.8958333333333334,0.7413258393007008,0.8390804597701149,0.8723352713178295,0.7927052777304551
