round,outer_loop,inner_best_score,best_hyperparams,selected_features,balanced_accuracy,accuracy,precision,recall,specificity,matthews_corrcoef,f1,roc_auc,matthews_corrcoef_med
0,0,0.850614471199769,"{'C': 3806.221500999744, 'l1_ratio': 0.13022242590660849, 'max_iter': 2197, 'class_weight': None}","Index(['UMAP0', 'UMAP1', 'UMAP2'], dtype='object')",0.9058941459502807,0.9264069264069265,0.9726027397260274,0.8255813953488372,0.9862068965517241,0.8440847161602094,0.8930817610062893,0.9058941459502807,0.8056668248095441
0,1,0.8373064899681005,"{'C': 0.41934453729805765, 'l1_ratio': 0.2750276022342929, 'max_iter': 7010, 'class_weight': 'balanced'}","Index(['UMAP0', 'UMAP1', 'UMAP2'], dtype='object')",0.8909883720930232,0.8869565217391304,0.8125,0.9069767441860465,0.875,0.7672489334588788,0.8571428571428571,0.8909883720930232,0.8056668248095441
