round,outer_loop,inner_best_score,best_hyperparams,selected_features,balanced_accuracy,accuracy,precision,recall,specificity,matthews_corrcoef,f1,roc_auc,matthews_corrcoef_med
0,0,0.8889897994209653,"{'n_estimators': 44, 'criterion': 'gini', 'min_samples_split': 16}","Index(['UMAP0', 'UMAP1', 'UMAP2'], dtype='object')",0.9280673616680032,0.9393939393939394,0.95,0.8837209302325582,0.9724137931034482,0.8698449996247145,0.9156626506024096,0.9280673616680031,0.841468580025212
0,1,0.9082068419601783,"{'n_estimators': 57, 'criterion': 'entropy', 'min_samples_split': 12}","Index(['UMAP0', 'UMAP1', 'UMAP2'], dtype='object')",0.9024547803617571,0.9130434782608695,0.9024390243902439,0.8604651162790697,0.9444444444444444,0.8130921604257093,0.8809523809523809,0.9024547803617571,0.841468580025212
