round,outer_loop,inner_best_score,best_hyperparams,selected_features,balanced_accuracy,accuracy,precision,recall,specificity,matthews_corrcoef,f1,roc_auc,matthews_corrcoef_med
0,0,0.8527489554141071,"{'C': 0.14139291490217357, 'gamma': 'auto', 'coef0': 0.9906130327268193, 'kernel': 'rbf', 'class_weight': None}","Index(['UMAP0', 'UMAP1', 'UMAP2'], dtype='object')",0.9058941459502807,0.9264069264069265,0.9726027397260274,0.8255813953488372,0.9862068965517241,0.8440847161602094,0.8930817610062893,0.9058941459502807,0.8013220738423786
0,1,0.871405344262936,"{'C': 0.3017527101118604, 'gamma': 'scale', 'coef0': 0.5682199328955317, 'kernel': 'rbf', 'class_weight': None}","Index(['UMAP0', 'UMAP1', 'UMAP2'], dtype='object')",0.8792797157622738,0.8869565217391304,0.8488372093023255,0.8488372093023255,0.9097222222222222,0.7585594315245479,0.8488372093023255,0.8792797157622738,0.8013220738423786
