round,outer_loop,inner_best_score,best_hyperparams,selected_features,balanced_accuracy,accuracy,precision,recall,specificity,matthews_corrcoef,f1,roc_auc,matthews_corrcoef_med
0,0,0.9257105943152455,{'var_smoothing': 6.246734201364473e-09},"['concave_points_worst', 'perimeter_worst', 'radius_worst']",0.9502405773857258,0.9523809523809523,0.9310344827586207,0.9418604651162791,0.9586206896551724,0.8983942894985621,0.9364161849710982,0.9502405773857256,0.8894265736864759
0,1,0.9102798579893625,{'var_smoothing': 1.725782645128802e-08},"['concave_points_worst', 'perimeter_worst', 'radius_worst']",0.9431524547803618,0.9434782608695652,0.9101123595505618,0.9418604651162791,0.9444444444444444,0.8804588578743898,0.9257142857142857,0.9431524547803617,0.8894265736864759
