round,outer_loop,inner_best_score,best_hyperparams,selected_features,balanced_accuracy,accuracy,precision,recall,specificity,matthews_corrcoef,f1,roc_auc,matthews_corrcoef_med
0,0,0.8885658914728682,"{'boosting_type': 'gbdt', 'num_leaves': 21, 'max_depth': 43, 'learning_rate': 0.01044783661209592, 'n_estimators': 630, 'min_child_samples': 19, 'reg_alpha': 0.03268379602574856, 'reg_lambda': 0.42937119816944935, 'bagging_freq': 9, 'bagging_fraction': 0.9571886384316322, 'feature_fraction': 0.3376768489079516}","['concave_points_worst', 'perimeter_worst', 'radius_worst']",0.9407778668805132,0.9523809523809523,0.9746835443037974,0.8953488372093024,0.9862068965517241,0.8983543221417927,0.9333333333333333,0.9407778668805132,0.8845513473268707
0,1,0.8737931739787316,"{'boosting_type': 'gbdt', 'num_leaves': 74, 'max_depth': 69, 'learning_rate': 0.004029889298139084, 'n_estimators': 757, 'min_child_samples': 22, 'reg_alpha': 0.870180047298211, 'reg_lambda': 0.21589041715188095, 'bagging_freq': 1, 'bagging_fraction': 0.5041919036281406, 'feature_fraction': 0.32401274229554033}","['concave_points_worst', 'perimeter_worst', 'radius_worst']",0.9373385012919897,0.9391304347826087,0.9090909090909091,0.9302325581395349,0.9444444444444444,0.8707483725119487,0.9195402298850575,0.9373385012919896,0.8845513473268707
