round,outer_loop,inner_best_score,best_hyperparams,selected_features,balanced_accuracy,accuracy,precision,recall,specificity,matthews_corrcoef,f1,roc_auc,matthews_corrcoef_med
0,0,0.926952601847037,"{'solver': 'svd', 'shrinkage': None, 'priors': None}","['concave_points_worst', 'perimeter_worst', 'radius_worst']",0.932598235765838,0.948051948051948,0.9868421052631579,0.872093023255814,0.993103448275862,0.8901748522158014,0.9259259259259259,0.9325982357658379,0.8755131987927058
0,1,0.9090305023724072,"{'solver': 'svd', 'shrinkage': None, 'priors': None}","['concave_points_worst', 'perimeter_worst', 'radius_worst']",0.9198158914728682,0.9347826086956522,0.961038961038961,0.8604651162790697,0.9791666666666666,0.8608515453696104,0.9079754601226994,0.9198158914728681,0.8755131987927058
