round,outer_loop,inner_best_score,best_hyperparams,selected_features,balanced_accuracy,accuracy,precision,recall,specificity,matthews_corrcoef,f1,roc_auc,matthews_corrcoef_med
0,0,0.9257105943152455,"{'C': 8919.227944119399, 'l1_ratio': 0.8253357140911376, 'max_iter': 9385, 'class_weight': None}","['concave_points_worst', 'perimeter_worst', 'radius_worst']",0.9467923015236568,0.948051948051948,0.9204545454545454,0.9418604651162791,0.9517241379310345,0.8895278482056248,0.9310344827586207,0.9467923015236567,0.8845636735361726
0,1,0.9260227237134108,"{'C': 1.4398694012245536, 'l1_ratio': 0.1119157268999893, 'max_iter': 8381, 'class_weight': None}","['concave_points_worst', 'perimeter_worst', 'radius_worst']",0.9408107235142118,0.9434782608695652,0.9195402298850575,0.9302325581395349,0.9513888888888888,0.8795994988667204,0.9248554913294798,0.9408107235142118,0.8845636735361726
