round,outer_loop,inner_best_score,best_hyperparams,selected_features,balanced_accuracy,accuracy,precision,recall,specificity,matthews_corrcoef,f1,roc_auc,matthews_corrcoef_med
0,0,0.9441851594590626,"{'n_estimators': 58, 'criterion': 'entropy', 'min_samples_split': 20}","['concave_points_worst', 'perimeter_worst', 'radius_worst']",0.9396952686447473,0.948051948051948,0.9512195121951219,0.9069767441860465,0.9724137931034482,0.8884131013171535,0.9285714285714286,0.9396952686447473,0.8840063000919369
0,1,0.9274123126119423,"{'n_estimators': 91, 'criterion': 'gini', 'min_samples_split': 12}","['concave_points_worst', 'perimeter_worst', 'radius_worst']",0.9408107235142118,0.9434782608695652,0.9195402298850575,0.9302325581395349,0.9513888888888888,0.8795994988667204,0.9248554913294798,0.9408107235142118,0.8840063000919369
