round,outer_loop,inner_best_score,best_hyperparams,selected_features,balanced_accuracy,accuracy,precision,recall,specificity,matthews_corrcoef,f1,roc_auc,matthews_corrcoef_med
0,0,0.926952601847037,"{'C': 0.19324431456668215, 'gamma': 'auto', 'coef0': 0.07237442570705954, 'kernel': 'sigmoid', 'class_weight': None}","['concave_points_worst', 'perimeter_worst', 'radius_worst']",0.9455092221331194,0.9523809523809523,0.9518072289156626,0.9186046511627907,0.9724137931034482,0.8977388440375954,0.9349112426035503,0.9455092221331193,0.9070033922711965
0,1,0.9272869400371142,"{'C': 0.2520744596086859, 'gamma': 'scale', 'coef0': 0.7926953251822064, 'kernel': 'rbf', 'class_weight': None}","['concave_points_worst', 'perimeter_worst', 'radius_worst']",0.9570413436692506,0.9608695652173913,0.9529411764705882,0.9418604651162791,0.9722222222222222,0.9162679405047977,0.9473684210526315,0.9570413436692506,0.9070033922711965
