round,outer_loop,inner_best_score,best_hyperparams,selected_features,balanced_accuracy,accuracy,precision,recall,specificity,mcc,f1,roc_auc,balanced_accuracy_median,balanced_accuracy_mean,balanced_accuracy_std,accuracy_median,accuracy_mean,accuracy_std,precision_median,precision_mean,precision_std,recall_median,recall_mean,recall_std,specificity_median,specificity_mean,specificity_std,mcc_median,mcc_mean,mcc_std,f1_median,f1_mean,f1_std,roc_auc_median,roc_auc_mean,roc_auc_std
0,0,0.9453900709219858,{'var_smoothing': 4.4758794885153426e-07},"['concave points_worst', 'perimeter_worst', 'concave points_mean', 'radius_worst', 'perimeter_mean', 'area_worst', 'concavity_mean', 'radius_mean', 'concavity_worst', 'area_mean']",0.9346019939863902,0.935064935064935,0.9021739130434783,0.9325842696629213,0.9366197183098591,0.8640911794823845,0.9171270718232044,0.9346019939863902,0.9398087665365851,0.9398087665365851,0.007363488356677401,0.9414455110107284,0.9414455110107284,0.009023497038292468,0.9173790913531998,0.9173790913531998,0.021503369383909336,0.9325842696629213,0.9325842696629213,0.0,0.9470332634102487,0.9470332634102487,0.01472697671335488,0.877061128827972,0.877061128827972,0.018342278267822025,0.9248556707430629,0.9248556707430629,0.010929889410605862,0.9398087665365851,0.9398087665365851,0.007363488356677401
0,1,0.8933828295980656,{'var_smoothing': 5.269024184173422e-06},"['concave points_worst', 'perimeter_worst', 'concave points_mean', 'radius_worst', 'perimeter_mean', 'area_worst', 'concavity_mean', 'radius_mean', 'concavity_worst', 'area_mean']",0.9450155390867798,0.9478260869565217,0.9325842696629213,0.9325842696629213,0.9574468085106383,0.8900310781735596,0.9325842696629213,0.9450155390867798,0.9398087665365851,0.9398087665365851,0.007363488356677401,0.9414455110107284,0.9414455110107284,0.009023497038292468,0.9173790913531998,0.9173790913531998,0.021503369383909336,0.9325842696629213,0.9325842696629213,0.0,0.9470332634102487,0.9470332634102487,0.01472697671335488,0.877061128827972,0.877061128827972,0.018342278267822025,0.9248556707430629,0.9248556707430629,0.010929889410605862,0.9398087665365851,0.9398087665365851,0.007363488356677401
