round,outer_loop,inner_best_score,best_hyperparams,selected_features,balanced_accuracy,accuracy,precision,recall,specificity,mcc,f1,roc_auc,balanced_accuracy_median,balanced_accuracy_mean,balanced_accuracy_std,accuracy_median,accuracy_mean,accuracy_std,precision_median,precision_mean,precision_std,recall_median,recall_mean,recall_std,specificity_median,specificity_mean,specificity_std,mcc_median,mcc_mean,mcc_std,f1_median,f1_mean,f1_std,roc_auc_median,roc_auc_mean,roc_auc_std
0,0,0.9197825830053535,"{'solver': 'svd', 'shrinkage': None, 'priors': [0.5, 0.5]}","['concave points_worst', 'perimeter_worst', 'concave points_mean', 'radius_worst', 'perimeter_mean', 'area_worst', 'concavity_mean', 'radius_mean', 'concavity_worst', 'area_mean']",0.9444927994935908,0.9523809523809523,0.9642857142857143,0.9101123595505618,0.9788732394366197,0.8993641891117882,0.9364161849710982,0.9444927994935908,0.9451924512250008,0.9451924512250008,0.0009894569674979347,0.9544513457556936,0.9544513457556936,0.002927978390006466,0.9759700176366843,0.9759700176366843,0.01652410026582311,0.9044943820224719,0.9044943820224719,0.007945020013332015,0.9858905204275297,0.9858905204275297,0.009923933948327844,0.9043546042454641,0.9043546042454641,0.0070575127639164415,0.9387963277796667,0.9387963277796667,0.0033660302402624288,0.9451924512250007,0.9451924512250007,0.0009894569674978955
0,1,0.944683908045977,"{'solver': 'eigen', 'shrinkage': None, 'priors': None}","['concave points_worst', 'perimeter_worst', 'concave points_mean', 'radius_worst', 'perimeter_mean', 'area_worst', 'concavity_mean', 'radius_mean', 'concavity_worst', 'area_mean']",0.9458921029564109,0.9565217391304348,0.9876543209876543,0.898876404494382,0.9929078014184397,0.90934501937914,0.9411764705882353,0.9458921029564108,0.9451924512250008,0.9451924512250008,0.0009894569674979347,0.9544513457556936,0.9544513457556936,0.002927978390006466,0.9759700176366843,0.9759700176366843,0.01652410026582311,0.9044943820224719,0.9044943820224719,0.007945020013332015,0.9858905204275297,0.9858905204275297,0.009923933948327844,0.9043546042454641,0.9043546042454641,0.0070575127639164415,0.9387963277796667,0.9387963277796667,0.0033660302402624288,0.9451924512250007,0.9451924512250007,0.0009894569674978955
