round,outer_loop,inner_best_score,best_hyperparams,selected_features,balanced_accuracy,accuracy,precision,recall,specificity,mcc,f1,roc_auc,balanced_accuracy_median,balanced_accuracy_mean,balanced_accuracy_std,accuracy_median,accuracy_mean,accuracy_std,precision_median,precision_mean,precision_std,recall_median,recall_mean,recall_std,specificity_median,specificity_mean,specificity_std,mcc_median,mcc_mean,mcc_std,f1_median,f1_mean,f1_std,roc_auc_median,roc_auc_mean,roc_auc_std
0,0,0.9728965915130846,"{'C': 3.8177871513515296, 'l1_ratio': 0.5781767561231497, 'max_iter': 3974, 'class_weight': None}","['concave points_worst', 'perimeter_worst', 'concave points_mean', 'radius_worst', 'perimeter_mean', 'area_worst', 'concavity_mean', 'radius_mean', 'concavity_worst', 'area_mean']",0.9289840164583003,0.9307359307359307,0.9010989010989011,0.9213483146067416,0.9366197183098591,0.8545265648259887,0.9111111111111111,0.9289840164583004,0.9418806447738948,0.9418806447738948,0.01823858667279857,0.9414549218897046,0.9414549218897046,0.015158942664624074,0.9079962590600889,0.9079962590600889,0.009754337173253733,0.9438202247191012,0.9438202247191012,0.03178008005332794,0.9399410648286884,0.9399410648286884,0.004697093292269084,0.877841229445274,0.877841229445274,0.03297191490677335,0.9255009107468124,0.9255009107468124,0.02035024980464021,0.9418806447738948,0.9418806447738948,0.01823858667279853
0,1,0.9474209111998338,"{'C': 0.23984539191828433, 'l1_ratio': 0.010665963885379992, 'max_iter': 2639, 'class_weight': 'balanced'}","['concave points_worst', 'perimeter_worst', 'concave points_mean', 'radius_worst', 'perimeter_mean', 'area_worst', 'concavity_mean', 'radius_mean', 'concavity_worst', 'area_mean']",0.9547772730894892,0.9521739130434783,0.9148936170212766,0.9662921348314607,0.9432624113475178,0.9011558940645592,0.9398907103825137,0.9547772730894892,0.9418806447738948,0.9418806447738948,0.01823858667279857,0.9414549218897046,0.9414549218897046,0.015158942664624074,0.9079962590600889,0.9079962590600889,0.009754337173253733,0.9438202247191012,0.9438202247191012,0.03178008005332794,0.9399410648286884,0.9399410648286884,0.004697093292269084,0.877841229445274,0.877841229445274,0.03297191490677335,0.9255009107468124,0.9255009107468124,0.02035024980464021,0.9418806447738948,0.9418806447738948,0.01823858667279853
