round,outer_loop,inner_best_score,best_hyperparams,selected_features,balanced_accuracy,accuracy,precision,recall,specificity,mcc,f1,roc_auc,balanced_accuracy_median,balanced_accuracy_mean,balanced_accuracy_std,accuracy_median,accuracy_mean,accuracy_std,precision_median,precision_mean,precision_std,recall_median,recall_mean,recall_std,specificity_median,specificity_mean,specificity_std,mcc_median,mcc_mean,mcc_std,f1_median,f1_mean,f1_std,roc_auc_median,roc_auc_mean,roc_auc_std
0,0,0.9728965915130846,"{'n_estimators': 12, 'criterion': 'gini', 'min_samples_split': 18}","['concave points_worst', 'perimeter_worst', 'concave points_mean', 'radius_worst', 'perimeter_mean', 'area_worst', 'concavity_mean', 'radius_mean', 'concavity_worst', 'area_mean']",0.9325051432188638,0.935064935064935,0.9111111111111111,0.9213483146067416,0.9436619718309859,0.8632361844323125,0.9162011173184358,0.9325051432188638,0.944079490088992,0.944079490088992,0.01636859831934593,0.9479672501411631,0.9479672501411631,0.018246628966812718,0.9381136950904393,0.9381136950904393,0.0381874204826844,0.9269662921348314,0.9269662921348314,0.007945020013331975,0.9611926880431525,0.9611926880431525,0.024792176625359926,0.8902973696693051,0.8902973696693051,0.03827029517604541,0.9323862729449321,0.9323862729449321,0.02288926659611048,0.944079490088992,0.944079490088992,0.016368598319345812
0,1,0.9179347151033211,"{'n_estimators': 41, 'criterion': 'entropy', 'min_samples_split': 2}","['concave points_worst', 'perimeter_worst', 'concave points_mean', 'radius_worst', 'perimeter_mean', 'area_worst', 'concavity_mean', 'radius_mean', 'concavity_worst', 'area_mean']",0.9556538369591202,0.9608695652173913,0.9651162790697675,0.9325842696629213,0.9787234042553191,0.9173585549062976,0.9485714285714286,0.9556538369591201,0.944079490088992,0.944079490088992,0.01636859831934593,0.9479672501411631,0.9479672501411631,0.018246628966812718,0.9381136950904393,0.9381136950904393,0.0381874204826844,0.9269662921348314,0.9269662921348314,0.007945020013331975,0.9611926880431525,0.9611926880431525,0.024792176625359926,0.8902973696693051,0.8902973696693051,0.03827029517604541,0.9323862729449321,0.9323862729449321,0.02288926659611048,0.944079490088992,0.944079490088992,0.016368598319345812
