round,outer_loop,inner_best_score,best_hyperparams,selected_features,balanced_accuracy,accuracy,precision,recall,specificity,mcc,f1,roc_auc,balanced_accuracy_median,balanced_accuracy_mean,balanced_accuracy_std,accuracy_median,accuracy_mean,accuracy_std,precision_median,precision_mean,precision_std,recall_median,recall_mean,recall_std,specificity_median,specificity_mean,specificity_std,mcc_median,mcc_mean,mcc_std,f1_median,f1_mean,f1_std,roc_auc_median,roc_auc_mean,roc_auc_std
0,0,0.9461702252967461,"{'C': 0.19382399773283088, 'gamma': 'scale', 'coef0': 0.20677505687761155, 'kernel': 'sigmoid', 'class_weight': None}","['concave points_worst', 'perimeter_worst', 'concave points_mean', 'radius_worst', 'perimeter_mean', 'area_worst', 'concavity_mean', 'radius_mean', 'concavity_worst', 'area_mean']",0.9226934641557207,0.9307359307359307,0.9294117647058824,0.8876404494382022,0.9577464788732394,0.8531174260518392,0.9080459770114943,0.922693464155721,0.9341533302131699,0.9341533302131699,0.016206698001423745,0.937107095802748,0.937107095802748,0.009010188045610613,0.9168335419274093,0.9168335419274093,0.01778829324386684,0.9213483146067416,0.9213483146067416,0.04767012007999197,0.9469583458195985,0.9469583458195985,0.015256724077144556,0.8680572025658718,0.8680572025658718,0.021128034564968035,0.918503862822687,0.918503862822687,0.014789683947937986,0.93415333021317,0.93415333021317,0.01620669800142359
0,1,0.9474209111998338,"{'C': 0.6639310826536166, 'gamma': 'scale', 'coef0': 0.4413173692897643, 'kernel': 'rbf', 'class_weight': 'balanced'}","['concave points_worst', 'perimeter_worst', 'concave points_mean', 'radius_worst', 'perimeter_mean', 'area_worst', 'concavity_mean', 'radius_mean', 'concavity_worst', 'area_mean']",0.9456131962706191,0.9434782608695652,0.9042553191489362,0.9550561797752809,0.9361702127659575,0.8829969790799045,0.9289617486338798,0.9456131962706191,0.9341533302131699,0.9341533302131699,0.016206698001423745,0.937107095802748,0.937107095802748,0.009010188045610613,0.9168335419274093,0.9168335419274093,0.01778829324386684,0.9213483146067416,0.9213483146067416,0.04767012007999197,0.9469583458195985,0.9469583458195985,0.015256724077144556,0.8680572025658718,0.8680572025658718,0.021128034564968035,0.918503862822687,0.918503862822687,0.014789683947937986,0.93415333021317,0.93415333021317,0.01620669800142359
