{"boosting_type": "gbdt", "num_leaves": 67, "max_depth": 31, "learning_rate": 0.5492997742697158, "n_estimators": 425, "min_child_samples": 8, "reg_alpha": 0.02589372632594409, "reg_lambda": 0.16959952453312888, "bagging_freq": 1, "bagging_fraction": 0.692726133141236, "feature_fraction": 0.18116117959239003}