{"C": 43.705147209907224, "l1_ratio": 0.05358053712246813, "max_iter": 1758, "class_weight": null}