{"C": 3078.1224936405915, "l1_ratio": 0.9940906288744059, "max_iter": 102, "class_weight": null}